plot_id,imcy_inv,visit_date,last_fire_year,lon,lat,inst_name,n_fires,fri15yr,d_since_fire,w_since_fire,y_since_fire,frindex,visit_year,tick_abundance,ticks_per_trap,ticks_human,prev_human,ticks_human_animal,prev_human_animal,ticks_human_no_Ramb,prev_human_no_Ramb,avg_dry_standing_gm2,avg_woody_ht_all,total_stems_100m2,plot_avg_veg_cover,avg_herb_ht_all,avg_litter_depth_all,avg_pct_litter,avg_dry_litter_gm2,avg_canopy_cover,pct_pinus_dbh,deer,cow,turkey,deer_other,cottontail,total_clusters1m,avg_30yr_fire_days,cv_30yr_fire_days,avg_1yr_vp..Pa.,cv_1yr_vp..Pa.,drought_index,trap_effort,cbnd_abundance,y_since_fire_log,fri15yr_log,plitter,logit_litter,logit_pct_pine,logit_canopy,ticks_per_trap01,biomass_log,d_since_fire_log,tpt,fri15yr_int,small_name,installation_name
blanding c1,Uninvaded,2017-06-07,2015,-81.997211,29.826576,Camp Blanding,5,3,743,106.14285714285714,2.041208791208791,0.1633019291161956,2017,2,0.4,1,0.5,1,0.5,1,0.5,161.64000000000001,65,0,27,25.5,5.916666666666667,61.25,352.48,33.67,100,0,0,0,0,7,7,286.2903225806452,13.035237082835371,1864.109589041096,37.996222844334866,12,5,2,1.112255065071896,1.0986122886681098,0.6125,0.43419521159088453,13.81550955804604,-0.6780350503644814,0.41000000000000003,5.085371640210273,6.610696044717759,1,3,blanding,Camp Blanding Army Base
blanding g1,Uninvaded,2017-06-15,2011,-81.950797,29.869148,Camp Blanding,3,5,2227,318.14285714285717,6.118131868131869,0.03268971710821733,2017,13,2.6,5,0.38461538461538464,5,0.38461538461538464,1,0.07692307692307693,105.24000000000001,31.833333333333332,0,38.625,27,8,68.5,644.12,49.92,100,1,0,0,2,0,2,286.03225806451616,13.056453260874271,1850.4109589041095,38.22362239178158,65,5,13,1.9626453129253694,1.6094379124341003,0.685,0.734308361960004,13.81550955804604,-0.0032000027306705683,2.61,4.656243456172092,7.708410667257367,3,5,blanding,Camp Blanding Army Base
blanding d1,Uninvaded,2017-06-20,2014,-81.998625,29.869196,Camp Blanding,2,7.5,1058,151.14285714285714,2.9065934065934065,0.04587271581600504,2017,3,0.6,3,1,3,1,1,0.3333333333333333,226.92000000000002,44.25,10,27.875,19,3.0833333333333335,87.5,664.16,42.900000000000006,0,0,0,0,0,3,3,284.8709677419355,13.316487012409667,1846.3561643835617,37.79257056872927,17,5,3,1.3626657427264455,2.0149030205422647,0.875,1.784486709898975,-13.815509557990529,-0.28593229072799303,0.61,5.424597532458367,6.964135612418245,1,8,blanding,Camp Blanding Army Base
blanding a1,Uninvaded,2017-06-09,2017,-82.001082,29.86202,Camp Blanding,4,3.75,183,26.142857142857142,0.5027472527472527,0.5304189435336977,2017,8,1.6,6,0.75,6,0.75,4,0.5,38.44,16.3,6,13.375,22.727272727272727,4.25,28.75,114.96,66.3,0.8370044052863436,1,0,0,1,43,44,285.7741935483871,13.099509967480353,1854.3561643835617,37.972292290363704,17,5,8,0.40729493478524054,1.3217558399823195,0.2875,-0.8562424638501022,-4.774572403395775,0.6766920598335004,1.61,3.6490985841020915,5.209486152841421,2,4,blanding,Camp Blanding Army Base
blanding b1,Uninvaded,2017-06-08,2016,-81.990587,29.832857,Camp Blanding,2,7.5,379,54.142857142857146,1.0412087912087913,0.12805628847845205,2017,0,0,0,0,0,0,0,0,5.92,18,13,3.125,18.666666666666668,3.8333333333333335,79.25,415,37.7,73.84451544195953,0,0,0,1,102,103,286.7096774193548,13.026447833513496,1868.2739726027398,37.907582080291746,12,5,0,0.7135421770810185,2.0149030205422647,0.7925,1.2533255564145664,1.0379003678861993,-0.5023013313394423,0.01,1.7783364488959144,5.937536205082426,0,8,blanding,Camp Blanding Army Base
eglin b1,Uninvaded,2017-08-19,2016,-86.253158,30.73214,Eglin AFB,3,5,560,80,1.5384615384615385,0.13,2017,0,0,0,0,0,0,0,0,321.24,45.09090909090909,6,45,34.75,1.9583333333333333,65,192.64,31.46,73.72163901117507,6,0,0,7,1,8,279.7741935483871,13.448693858226065,1845.4794520547946,40.257976262506766,12,5,0,0.9315582040049435,1.6094379124341003,0.65,0.5862314546353128,1.0315480920942155,-0.778700618816331,0.01,5.772188507320261,6.327936783729195,0,5,eglin,Eglin Air Force Base
eglin p1,Uninvaded,2017-08-19,2010,-86.275308,30.734897,Eglin AFB,1,15,2731,390.14285714285717,7.502747252747254,0.008885634077871352,2017,1,0.2,0,0,0,0,0,0,367.2,53.25,13,41.125,13,4.083333333333333,57.5,438.88,31.46,72.25838758137205,1,0,0,1,1,2,279.6774193548387,13.542278261410628,1846.2465753424658,40.252294760975055,12,5,1,2.1403893174819557,2.70805020110221,0.575,0.2869529437282645,0.9573126512569274,-0.778700618816331,0.21000000000000002,5.905906658746336,7.912423121473705,1,15,eglin,Eglin Air Force Base
eglin d1,Uninvaded,2017-08-17,2014,-86.510521,30.596483,Eglin AFB,3,5,1118,159.71428571428572,3.0714285714285716,0.06511627906976744,2017,11,2.2,4,0.36363636363636365,4,0.36363636363636365,1,0.09090909090909091,50.4,25,8,18.875,27.583333333333332,3.4166666666666665,86.25,384.36,56.160000000000004,27.72297575010275,6,0,0,6,0,6,282.1290322580645,13.578245680561048,1930.0821917808219,39.21092207361469,12,5,11,1.4039939382192916,1.6094379124341003,0.8625,1.6911474414954921,-0.9582425527164846,0.24765811707779561,2.21,3.919991175077323,7.0192966537150445,3,5,eglin,Eglin Air Force Base
eglin h1,Uninvaded,2017-08-16,2008,-86.480089,30.571814,Eglin AFB,2,7.5,3487,498.14285714285717,9.57967032967033,0.013918363445177323,2017,65,13,39,0.6,40,0.6153846153846154,12,0.18461538461538463,238.44,52.791666666666664,32,19.875,23,4.333333333333333,93.75,581.96,62.14,54.06224180666484,0,0,0,0,0,0,284.4193548387097,13.45544718823116,1941.6986301369864,38.92631927293382,12,5,65,2.3589342661781685,2.0149030205422647,0.9375,2.384335743012737,0.16284828421907707,0.49549475818372435,13.01,5.474117706351726,8.156797046675651,13,8,eglin,Eglin Air Force Base
tyndall b2,Uninvaded,2017-07-20,2017,-85.476082,30.000315,Tyndall AFB,6,2.5,54,7.714285714285714,0.14835164835164835,2.6962962962962966,2017,5,1,4,0.8,4,0.8,1,0.2,392.08,39.166666666666664,1,61.875,41.166666666666664,3,3.75,66.36,56.68,100,3,0,0,3,0,3,287.38709677419354,13.344927323353224,1937.7534246575342,38.160816427804924,57,5,5,0.13832756488801565,0.9162907318741551,0.0375,-2.7405074112495917,13.81550955804604,0.26880699268968977,1.01,5.9714659006012925,3.9889840465642745,1,3,tyndall,Tyndall Air Force Base
tyndall b1,Invaded,2017-07-20,2017,-85.47658,29.998418,Tyndall AFB,7,2.142857142857143,54,7.714285714285714,0.14835164835164835,3.145679012345679,2017,0,0,0,0,0,0,0,0,148.8,34.083333333333336,0,28.25,30,2.4166666666666665,27.5,136.2,42.9,100,3,0,0,3,0,3,287.38709677419354,13.344927323353224,1937.7534246575342,38.160816427804924,57,5,0,0.13832756488801565,0.7621400520468967,0.275,-0.9136672061017705,13.81550955804604,-0.28593229072799314,0.01,5.002603122398992,3.9889840465642745,0,3,tyndall,Tyndall Air Force Base
tyndall d1,Uninvaded,2017-07-20,2014,-85.550225,30.042322,Tyndall AFB,4,3.75,1250,178.57142857142858,3.4340659340659343,0.07765333333333332,2017,15,3,2,0.13333333333333333,2,0.13333333333333333,1,0.06666666666666667,892.08,87.5,18,60.25,26.7,2.9166666666666665,43.75,530.44,34.06,100,0,0,0,0,0,0,286.93548387096774,13.393545432599597,1940.9315068493152,38.24977626163133,65,5,15,1.4893169811931535,1.3217558399823195,0.4375,-0.2386259154625867,13.81550955804604,-0.6606215624090426,3.01,6.793555814657107,7.1308988302963465,3,4,tyndall,Tyndall Air Force Base
tyndall h1,Uninvaded,2017-07-20,2011,-85.54086117406607,30.046909899289403,Tyndall AFB,4,3.75,1250,178.57142857142858,3.4340659340659343,0.07765333333333332,2017,3,0.6,1,0.3333333333333333,2,0.6666666666666666,0,0,1666.3600000000001,151.58333333333334,1342,63.5,35,4.666666666666667,53.75,374.16,48.1,100,0,0,0,0,0,0,286.93548387096774,13.367220884128386,1940.164383561644,38.277439027121055,80,5,3,1.4893169811931535,1.3217558399823195,0.5375,0.14274187388002074,13.81550955804604,-0.07603661306012723,0.61,7.418396885818051,7.1308988302963465,1,4,tyndall,Tyndall Air Force Base
avonpark a1,Invaded,2017-06-27,2017,-81.309644,27.67576,Avon Park AFR,4,3.75,210,30,0.5769230769230769,0.46222222222222226,2017,0,0,0,0,0,0,0,0,90.56,44.2,1,33.75,36.333333333333336,1.5,19.5,62.48,14.3,100,0,15,0,15,65,80,285.9032258064516,13.624932821568533,1890.1917808219177,41.13012185377516,80,5,0,0.4554755286828257,1.3217558399823195,0.195,-1.323419140829137,13.81550955804604,-1.7905932883378723,0.01,4.506012614454873,5.3471075307174685,0,4,avonpark,Avon Park Air Force Range
avonpark c1,Invaded,2017-06-28,2015,-81.325371,27.6764,Avon Park AFR,3,5,793,113.28571428571429,2.178571428571429,0.09180327868852459,2017,0,0,0,0,0,0,0,0,368.24,72.58333333333333,9,66.125,95.5,3.5,31,319.76,55.12,100,0,10,0,13,0,13,286.61290322580646,13.431521526558768,1883.2876712328766,41.62743657722867,80,5,0,1.156431859556936,1.6094379124341003,0.31,-0.7560705482739313,13.81550955804604,0.20552036549096234,0.01,5.908734899508986,6.675823221634848,0,5,avonpark,Avon Park Air Force Range
avonpark b1,Invaded,2017-06-29,2016,-81.283521,27.67749,Avon Park AFR,5,3,431,61.57142857142857,1.184065934065934,0.2815158546017015,2017,0,0,0,0,0,0,0,0,421.08,88.75,28,74.125,45,2.5833333333333335,26.25,166.76,35.1,100,0,0,0,0,0,0,285.6774193548387,13.663241492229943,1896.986301369863,40.61452980464071,80,5,0,0.7811882470175913,1.0986122886681098,0.2625,-0.97253756862272,13.81550955804604,-0.6146464932382241,0.01,6.042822839383124,6.066108090103747,0,3,avonpark,Avon Park Air Force Range
avonpark d1,Uninvaded,2017-06-30,2014,-81.387992,27.711576,Avon Park AFR,3,5,1123,160.42857142857142,3.085164835164835,0.06482635796972397,2017,0,0,0,0,0,0,0,0,111.56,33.5,33,40.75,11.666666666666666,2.4166666666666665,71.25,467.24,80.08,1.2067578439259856,0,0,0,0,2,2,286.83870967741933,13.24728120194662,1911.6712328767123,39.65827699250502,65,5,0,1.4073620788234142,1.6094379124341003,0.7125,0.856242463850102,-4.405010056422239,1.3913018828505126,0.01,4.714562562759288,7.023758954738443,0,5,avonpark,Avon Park Air Force Range
blanding f1,Uninvaded,2017-06-22,2007,-81.982317,29.833612,Camp Blanding,1,15,3753,536.1428571428571,10.31043956043956,0.006465938360422773,2017,39,7.8,18,0.46153846153846156,19,0.48717948717948717,7,0.1794871794871795,33.12,30.25,28,9.75,15.333333333333334,2.5,88,635.28,75.92,45.840042941492214,0,0,0,0,124,124,287.2903225806452,13.290758221667588,1870.13698630137,37.70854371887351,17,5,39,2.425726154133164,2.70805020110221,0.88,1.823620571297039,-0.16678349144877178,1.148298533861052,7.81,3.500137329517059,8.23031079913502,8,15,blanding,Camp Blanding Army Base
blanding e1,Uninvaded,2017-06-14,2013,-81.965662,29.849803,Camp Blanding,3,5,1477,211,4.0576923076923075,0.04928909952606635,2017,6,1.2,1,0.16666666666666666,1,0.16666666666666666,0,0,10.440000000000001,34.285714285714285,9,8.375,11.416666666666666,3.0833333333333335,84.75,571.12,71.5,69.56077630234934,2,0,0,2,1,3,285.96774193548384,12.915656894186458,1855.013698630137,37.90926340383147,12,5,6,1.6209103135963372,1.6094379124341003,0.8475,1.58651341938957,0.8264669720016535,0.919793362425357,1.21,2.3456445824544927,7.29776828253138,2,5,blanding,Camp Blanding Army Base
blanding h1,Uninvaded,2017-06-16,2009,-81.949534,29.866916,Camp Blanding,2,7.5,2852,407.42857142857144,7.835164835164836,0.017017297802711547,2017,208,26,100,0.4807692307692308,108,0.5192307692307693,36,0.17307692307692307,139.96,36.75,0,18.875,25.583333333333332,5.25,84.25,666.8,58.5,79.71428571428572,0,0,0,0,4,4,286,13.097038988782502,1849.2054794520548,38.162474828633904,65,8,208,2.1787397626621163,2.0149030205422647,0.8425,1.5531970109376094,1.3685282296868861,0.34333332700115804,26.01,4.9413566674994875,7.955775781534187,26,8,blanding,Camp Blanding Army Base
shelby f1,Invaded,2017-09-21,2012,-89.014919,31.099479,Camp Shelby,3,5,1786,255.14285714285714,4.906593406593407,0.04076147816349384,2017,1,0.2,0,0,0,0,0,0,236.76000000000002,116.18181818181819,114,40.375,43,5.25,62.5,642.16,56.94,92.6829268292683,1,0,0,1,12,13,281.0967741935484,14.47375530917872,1729.0958904109589,39.49406141369002,45,5,1,1.7760692534849678,1.6094379124341003,0.625,0.4842459859612788,2.5389612834066084,0.27940358991367453,0.21000000000000002,5.467046969822524,7.487733761436444,1,5,shelby,Camp Shelby Joint Forces Training Center
shelby d1,Invaded,2017-09-23,2014,-89.111628,31.172392,Camp Shelby,4,3.75,1058,151.14285714285714,2.9065934065934065,0.09174543163201009,2017,1,0.2,1,1,1,1,1,1,100.76,56.142857142857146,98,22.5,49.833333333333336,6,81.25,948.9200000000001,81.38,98.39859877392719,0,0,0,0,0,0,280.3225806451613,14.643220572011085,1714.6301369863013,39.53492971026192,48,5,1,1.3626657427264455,1.3217558399823195,0.8125,1.366876275262789,4.118086124361161,1.4748932707246227,0.21000000000000002,4.61274145148441,6.964135612418245,1,4,shelby,Camp Shelby Joint Forces Training Center
shelby b2,Uninvaded,2017-09-24,2016,-89.048217,31.11502,Camp Shelby,4,3.75,328,46.857142857142854,0.901098901098901,0.2959349593495935,2017,0,0,0,0,0,0,0,0,669.08,101,130,51.5,23.6,4.083333333333333,66.25,436.76,56.42,100,0,0,0,0,0,0,279.741935483871,14.653740052283283,1718.13698630137,39.200137554528276,45,5,0,0.6424320879809289,1.3217558399823195,0.6625,0.6383262093482017,13.81550955804604,0.2582253760573765,0.01,6.505903634443808,5.793013608384144,0,4,shelby,Camp Shelby Joint Forces Training Center
shelby g1,Uninvaded,2017-09-25,2011,-89.065989,31.148769,Camp Shelby,3,5,2156,308,5.923076923076923,0.033766233766233764,2017,28,5.6,18,0.6428571428571429,21,0.75,2,0.07142857142857142,218.84,136.91666666666666,165,28.125,23.5,10.25,86.25,674.48,92.56,82.80435812411179,1,0,0,1,4,5,279.5483870967742,14.63443962761877,1708.054794520548,39.26500862344234,45,5,28,1.9348603128687283,1.6094379124341003,0.8625,1.6911474414954921,1.571820114196501,2.5209862340404205,5.609999999999999,5.388340869195625,7.6760099320288875,6,5,shelby,Camp Shelby Joint Forces Training Center
moody b1,Uninvaded,2017-08-29,2016,-83.1753,30.984401,Moody AFB,3,5,302,43.142857142857146,0.8296703296703297,0.2410596026490066,2017,0,0,0,0,0,0,0,0,134.28,14,26,30.375,34.5,8.666666666666666,75,464.56,74.1,84.53912111468381,1,0,0,1,0,1,292.38709677419354,13.508889887359649,1753.7534246575342,40.799206610081015,49,5,0,0.6041358029036485,1.6094379124341003,0.75,1.0330150061822967,1.6988962234235636,1.051172563596549,0.01,4.899927172111834,5.71042701737487,0,5,moody,Moody Air Force Base
moody a1,Uninvaded,2017-08-30,2017,-83.179208,30.98314,Moody AFB,3,5,2495,356.42857142857144,6.854395604395605,0.029178356713426855,2017,0,0,0,0,0,0,0,0,258.36,33.5,14,60.25,29.666666666666668,6.833333333333333,37.5,231.07999999999998,53.04,100,3,0,0,3,0,3,292.38709677419354,13.530231708495952,1753.5342465753424,40.78807619380012,41,5,0,2.0610733246855713,1.6094379124341003,0.375,-0.4842459859612787,13.81550955804604,0.12175017035776595,0.01,5.554353961164272,7.822044008185619,0,5,moody,Moody Air Force Base
moody k1,Uninvaded,2017-08-30,2006,-83.183563,30.950761,Moody AFB,2,7.5,3956,565.1428571428571,10.868131868131867,0.012268284462419954,2017,0,0,0,0,0,0,0,0,102.88,60.625,2,10.25,24.875,4.583333333333333,83.75,823.88,72.28,35.9125315391085,0,0,0,0,0,0,291.51612903225805,13.523807374129653,1755.835616438356,40.71266010785802,83,5,0,2.473856813601415,2.0149030205422647,0.8375,1.5205876585431746,-0.5791613182823611,0.9583932914023252,0.01,4.633563260489309,8.282988692742602,0,8,moody,Moody Air Force Base
blanding k1,Uninvaded,2018-05-22,2015,-82.023445,29.837378,Camp Blanding,2,7.5,1174,167.71428571428572,3.2252747252747254,0.04134014764338444,2018,69,17.25,37,0.5362318840579711,38,0.5507246376811594,11,0.15942028985507245,12.6,13.777777777777779,2,5.75,13,3.3333333333333335,100,922.32,95.94,5.208046293744834,10,0,0,10,0,10,285.48387096774195,13.893126896585331,1884.48087431694,38.72321159008162,17,4,69,1.4410842824288486,2.0149030205422647,0.999999,3.6635616461296454,-2.9014615893389517,3.162540022460277,17.26,2.533696813957432,7.068172000388042,18,8,blanding,Camp Blanding Army Base
blanding m1,Uninvaded,2018-05-15,2007,-81.968503,29.84575,Camp Blanding,1,15,4067,581,11.173076923076923,0.005966724039013195,2018,5,1.25,4,0.8,4,0.8,0,0,118.44,49.75,21,12.125,14.666666666666666,2.5,92.5,911.88,85.54,55.064107733247326,21,0,5,26,15,41,285.93548387096774,13.695501745653699,1879.4535519125684,38.77218233712595,17,4,5,2.4992267035627487,2.70805020110221,0.925,2.2396038003050815,0.20326083453093294,1.7775978860681443,1.26,4.774406503233391,8.310660905907225,2,15,blanding,Camp Blanding Army Base
blanding n1,Uninvaded,2018-05-24,2013,-81.977192,29.83789,Camp Blanding,2,7.5,1822,260.2857142857143,5.0054945054945055,0.02663739480424442,2018,4,1,2,0.5,2,0.5,0,0,66.28,36.3,14,29.625,26.916666666666668,2.0833333333333335,78.25,320.96000000000004,43.68,62.75716208421458,5,0,0,5,492,497,285.93548387096774,13.822620937588177,1895.0819672131147,38.503988183754416,17,4,4,1.7926748010997433,2.0149030205422647,0.7825,1.1991582106216498,0.521811961040761,-0.2541593804131371,1.01,4.193888192558362,7.507690077819904,1,8,blanding,Camp Blanding Army Base
blanding h1,Uninvaded,2018-05-17,2018,-81.949534,29.866916,Camp Blanding,3,5,50,7.142857142857143,0.13736263736263737,1.456,2018,8,2,5,0.625,5,0.625,0,0,63.519999999999996,39.666666666666664,0,22.25,31.666666666666668,1.6666666666666667,77.5,407.48,40.56,94.90106544901066,35,0,0,37,17,54,285.7741935483871,13.848346403616652,1888.4153005464482,38.6797961182286,65,4,8,0.12871210618857373,1.6094379124341003,0.775,1.159544839663267,2.9237847682323626,-0.382185041126576,2.01,4.1513548169388805,3.912023005428146,2,5,blanding,Camp Blanding Army Base
blanding g1,Uninvaded,2018-05-18,2018,-81.950797,29.869148,Camp Blanding,4,3.75,51,7.285714285714286,0.1401098901098901,1.903267973856209,2018,3,0.75,3,1,3,1,2,0.6666666666666666,270.64,25.833333333333332,0,68.33333333333333,31.75,1.75,85.25,506.68000000000006,26,100,58,0,0,61,96,157,285.741935483871,13.881196167682475,1890.6010928961748,38.63991618228443,65,4,3,0.13112465259395764,1.3217558399823195,0.8525,1.620579250203311,13.81550955804604,-1.0459685551826876,0.76,5.600789524472453,3.9318256327243257,1,4,blanding,Camp Blanding Army Base
blanding c1,Uninvaded,2018-05-16,2017,-81.997211,29.826576,Camp Blanding,5,3,314,44.857142857142854,0.8626373626373626,0.386411889596603,2018,1,0.25,0,0,1,1,0,0,100.16000000000001,66.25,0,28.375,61.75,2.2083333333333335,36.25,423.92,36.785,100,9,0,9,19,30,49,285.7741935483871,13.690648371498341,1881.967213114754,38.728095919167075,12,4,1,0.6219934203036549,1.0986122886681098,0.3625,-0.5348990029475108,13.81550955804604,-0.5414514613796333,0.26,4.606768907351788,5.749392985908253,1,3,blanding,Camp Blanding Army Base
blanding i1,Uninvaded,2018-05-25,2014,-82.032726,29.863529,Camp Blanding,1,15,1464,209.14285714285714,4.021978021978022,0.016575591985428052,2018,4,1,2,0.5,2,0.5,0,0,39.76,26.125,7,18.625,21.333333333333332,2.5833333333333335,98.75,420.15999999999997,89.96000000000001,32.142857142857146,20,0,0,20,2,22,285,13.845206776806219,1880.8743169398906,38.88063837612956,57,4,4,1.6138238843773547,2.70805020110221,0.9875,3.2626493914143966,-0.7472127644037992,2.1927880128275326,1.01,3.6828613817883733,7.288927694521257,1,15,blanding,Camp Blanding Army Base
blanding j1,Uninvaded,2018-05-25,2016,-82.026049,29.852464,Camp Blanding,3,5,759,108.42857142857143,2.0851648351648353,0.09591567852437417,2018,32,8,17,0.53125,18,0.5625,9,0.28125,62.28,58.6,4,16.375,14.166666666666666,3.3333333333333335,98.75,621.28,77.48,13.878369347293381,4,0,0,4,40,44,285.7096774193548,13.850436893526572,1888.1967213114754,38.733320819259795,42,4,32,1.1266050871017026,1.6094379124341003,0.9875,3.2626493914143966,-1.8254230966850298,1.2356160352673058,8.01,4.131640346965797,6.63200177739563,8,5,blanding,Camp Blanding Army Base
avonpark i1,Uninvaded,2018-06-01,2012,-81.371559,27.735014,Avon Park AFR,3,5,2340,334.2857142857143,6.428571428571429,0.03111111111111111,2018,1,0.25,0,0,0,0,0,0,302.52,71.7,48,51.125,56.416666666666664,3.4583333333333335,45,183.76,26.52,100,0,0,0,0,0,0,287.0967741935484,13.406373816147571,2037.2677595628415,35.6374574150926,80,4,1,2.005333569526114,1.6094379124341003,0.45,-0.19057469855067508,13.81550955804604,-1.0191140950292632,0.26,5.712147390987829,7.757906208351747,1,5,avonpark,Avon Park Air Force Range
avonpark g1,Uninvaded,2018-05-31,2013,-81.273215,27.544825,Avon Park AFR,3,5,1809,258.42857142857144,4.96978021978022,0.0402432283029298,2018,1,0.25,0,0,0,0,0,0,383.08,95.11111111111111,43,81.625,49.833333333333336,11.166666666666666,33.75,1608.2400000000002,43.16,100,0,0,0,0,2,2,285.06451612903226,13.914468346728926,2013.6612021857923,36.38639391500272,80,4,1,1.786710112619689,1.6094379124341003,0.3375,-0.6383262093482018,13.81550955804604,-0.2753261628389661,0.26,5.948243844653419,7.500529485395295,1,5,avonpark,Avon Park Air Force Range
avonpark h1,Uninvaded,2018-06-01,2017,-81.390801,27.731963,Avon Park AFR,3,5,519,74.14285714285714,1.4258241758241756,0.14026974951830445,2018,0,0,0,0,0,0,0,0,272.24,55.916666666666664,3,58.25,23,0.7916666666666666,23.75,64.6,16.9,100,2,0,0,2,1,3,287.2258064516129,13.426062682703604,2032.3497267759562,35.881293650184666,80,4,0,0.8861713329672193,1.6094379124341003,0.2375,-1.095281727720945,13.81550955804604,-1.5927310799323748,0.01,5.606684030192651,6.251903883165888,0,5,avonpark,Avon Park Air Force Range
avonpark f1,Uninvaded,2018-05-31,2018,-81.292512,27.615926,Avon Park AFR,5,3,134,19.142857142857142,0.3681318681318681,0.9054726368159204,2018,0,0,0,0,0,0,0,0,131,36.4,1,35.75,41.25,1.0416666666666667,11.25,34.64,22.88,100,7,0,0,7,0,7,286.35483870967744,13.909934285821047,2039.016393442623,35.04360597887411,80,4,0,0.31344620938791223,1.0986122886681098,0.1125,-1.884481209278277,13.81550955804604,-1.215099483790693,0.01,4.875197323201151,4.897839799950911,0,3,avonpark,Avon Park Air Force Range
avonpark c2,Uninvaded,2018-05-31,2015,-81.327873,27.674898,Avon Park AFR,3,5,1130,161.42857142857142,3.104395604395604,0.06442477876106195,2018,1,0.25,0,0,0,0,0,0,430.44,104.83333333333333,51,58.125,37.5,3.875,57.5,197.51999999999998,18.98,100,2,5,0,7,31,38,286.4516129032258,13.723883996573672,2039.672131147541,35.15397080134275,74,4,1,1.4120584980560218,1.6094379124341003,0.575,0.2869529437282645,13.81550955804604,-1.4513102445927628,0.26,6.064807941332192,7.029972911706386,1,5,avonpark,Avon Park Air Force Range
avonpark a1,Invaded,2018-05-30,2017,-81.309644,27.67576,Avon Park AFR,4,3.75,547,78.14285714285714,1.5027472527472527,0.17745277269957344,2018,0,0,0,0,0,0,0,0,129.64,61.27272727272727,7,53.5,59.916666666666664,1.5,36.25,121.04,8.06,100,0,31,0,31,498,529,285.8709677419355,13.703298264423,2040.2185792349726,35.0354648443944,80,4,0,0.9173890296232177,1.3217558399823195,0.3625,-0.5348990029475108,13.81550955804604,-2.434222633859545,0.01,4.8647613782733465,6.304448802421981,0,4,avonpark,Avon Park Air Force Range
avonpark a2,Uninvaded,2018-05-30,2017,-81.311222,27.674646,Avon Park AFR,4,3.75,547,78.14285714285714,1.5027472527472527,0.17745277269957344,2018,0,0,0,0,0,0,0,0,340.76,52.625,11,35.625,28.333333333333332,4.25,42.5,210.52,18.46,100,0,27,0,27,297,324,285.8709677419355,13.703298264423,2040.2185792349726,35.0354648443944,80,4,0,0.9173890296232177,1.3217558399823195,0.425,-0.28695294372826496,13.81550955804604,-1.4854874683164014,0.01,5.83117841717464,6.304448802421981,0,4,avonpark,Avon Park Air Force Range
avonpark c1,Invaded,2018-05-31,2015,-81.325371,27.6764,Avon Park AFR,3,5,1130,161.42857142857142,3.104395604395604,0.06442477876106195,2018,2,0.5,0,0,0,0,0,0,725.9599999999999,88.91666666666667,10,59.875,63.833333333333336,4.916666666666667,48.75,563.24,42.12,100,0,12,0,13,47,60,286.4516129032258,13.723883996573672,2039.672131147541,35.15397080134275,80,4,2,1.4120584980560218,1.6094379124341003,0.4875,-0.04750893401338364,13.81550955804604,-0.3178492144975084,0.51,6.5874949168881995,7.029972911706386,1,5,avonpark,Avon Park Air Force Range
avonpark e1,Uninvaded,2018-05-29,2017,-81.283291,27.587665,Avon Park AFR,5,3,377,53.857142857142854,1.0357142857142856,0.3218390804597701,2018,1,0.25,0,0,1,1,0,0,124.4,37.333333333333336,0,54.5,55.416666666666664,2,21.25,163.28,30.42,100,0,0,0,0,0,0,285.5806451612903,13.831476707457686,2025.136612021858,35.46246959112864,80,4,1,0.7108467576593461,1.0986122886681098,0.2125,-1.2260415381276368,13.81550955804604,-0.8273768828926491,0.26,4.823502180305079,5.932245187448011,1,3,avonpark,Avon Park Air Force Range
avonpark e2,Invaded,2018-05-29,2017,-81.245362,27.630246,Avon Park AFR,4,3.75,377,53.857142857142854,1.0357142857142856,0.25747126436781614,2018,1,0.25,0,0,0,0,0,0,398.4,84.33333333333333,3,72.625,72.66666666666667,2.25,10,53.68,26.52,100,0,0,0,0,0,0,285.0967741935484,13.78390183609185,2043.9344262295083,34.716477671924686,74,4,1,0.7108467576593461,1.3217558399823195,0.1,-1.9924301646902063,13.81550955804604,-1.0191140950292632,0.26,5.987456525710443,5.932245187448011,1,4,avonpark,Avon Park Air Force Range
eglin a1,Uninvaded,2018-06-11,2017,-86.507376,30.590218,Eglin AFB,4,3.75,485,69.28571428571429,1.3324175824175826,0.2001374570446735,2018,1,0.25,1,1,1,1,0,0,173.04000000000002,30.9,15,34.5,27.416666666666668,2.2916666666666665,56.25,217.68,51.22,44.01256380054967,0,0,0,0,1,1,283.16129032258067,13.32387600196325,1881.639344262295,43.39640480569309,12,4,1,0.8469053186746067,1.3217558399823195,0.5625,0.2386259154625865,-0.24065169193860103,0.04880968798360495,0.26,5.153522781644804,6.184148890937483,1,4,eglin,Eglin Air Force Base
eglin b2,Uninvaded,2018-06-15,2016,-86.496065,30.607785,Eglin AFB,5,3,846,120.85714285714286,2.3241758241758244,0.14342001576044128,2018,0,0,0,0,0,0,0,0,153.92,19,16,46.625,42.916666666666664,2.25,75,314.24,28.34,98.46743295019157,3,0,5,8,7,15,282.4193548387097,13.314908127556786,1870.2732240437158,43.38009397328365,37,4,0,1.2012217709540463,1.0986122886681098,0.75,1.0330150061822967,4.162717491339243,-0.9276584776142734,0.01,5.036432986917396,6.740519359606223,0,3,eglin,Eglin Air Force Base
eglin c1,Uninvaded,2018-06-13,2015,-86.425476,30.597517,Eglin AFB,2,7.5,1254,179.14285714285714,3.445054945054945,0.03870281765018607,2018,0,0,0,0,0,0,0,0,213.07999999999998,46.416666666666664,4,53.375,14.5,3.25,72.5,463.64,43.160000000000004,81.6061606160616,4,0,0,4,11,15,283.61290322580646,13.311560152309415,1862.5136612021859,43.556862774346534,12,4,0,1.4917922299816964,2.0149030205422647,0.725,0.9136672061017707,1.4898847532053041,-0.275326162838966,0.01,5.3616676820487985,7.134093721192866,0,8,eglin,Eglin Air Force Base
eglin e1,Uninvaded,2018-06-12,2018,-86.281877,30.68349,Eglin AFB,6,2.5,149,21.285714285714285,0.40934065934065933,0.9771812080536914,2018,0,0,0,0,0,0,0,0,72.6,14.75,2,22.875,31.25,2.25,36.25,370.6,15.6,100,0,0,2,2,9,11,280.16129032258067,13.621446469493234,1824.2622950819673,43.80004738378527,12,4,0,0.34312197753402884,0.9162907318741551,0.3625,-0.5348990029475108,13.81550955804604,-1.68829648734642,0.01,4.28496492183075,5.003946305945459,0,3,eglin,Eglin Air Force Base
eglin f1,Uninvaded,2018-06-15,2011,-86.532676,30.605483,Eglin AFB,2,7.5,2716,388,7.461538461538462,0.017869415807560136,2018,2,0.5,1,0.5,1,0.5,0,0,452.44,96.5,44,55.375,32.583333333333336,4.333333333333333,83.75,348.48,23.92,89.0619340818544,39,0,0,39,34,73,281.9032258064516,13.479291249666762,1875.3005464480875,43.40655307142072,12,4,2,2.1355310083308794,2.0149030205422647,0.8375,1.5205876585431746,2.0970750052964906,-1.1570704891547037,0.51,6.11465515766318,7.906915488678587,1,8,eglin,Eglin Air Force Base
eglin g1,Uninvaded,2018-06-11,2011,-86.48356,30.562187,Eglin AFB,3,5,1880,268.57142857142856,5.164835164835164,0.03872340425531916,2018,2,0.5,1,0.5,1,0.5,0,0,57.16,47.9,45,31.25,29.1,4.083333333333333,92.5,710.76,73.58,24.14337596715617,7,0,0,7,8,15,284.2258064516129,13.262346976191907,1888.1967213114754,43.43367741481207,12,4,2,1.8188613990058462,1.6094379124341003,0.925,2.2396038003050815,-1.1448321536264838,1.024251950582449,0.51,4.045854353061666,7.539027055823995,1,5,eglin,Eglin Air Force Base
eglin i1,Uninvaded,2018-06-12,2009,-86.243462,30.699865,Eglin AFB,1,15,3372,481.7142857142857,9.263736263736265,0.00719652036378015,2018,28,7,14,0.5,15,0.5357142857142857,2,0.07142857142857142,76.32,65.9,99,17.125,14.222222222222221,5.25,98.75,768.48,93.34,42.77726001863933,0,0,0,0,0,0,280.2903225806452,13.61987960253809,1823.3879781420765,43.75955721269271,41,4,28,2.3286169317119927,2.70805020110221,0.9875,3.2626493914143966,-0.29094412795299385,2.640129255969372,7.01,4.334935027140031,8.123261319121745,7,15,eglin,Eglin Air Force Base
eglin j1,Uninvaded,2018-06-13,2007,-86.448132,30.616449,Eglin AFB,1,15,4156,593.7142857142857,11.417582417582416,0.005838947706127687,2018,6,1.5,2,0.3333333333333333,2,0.3333333333333333,0,0,8.92,22.375,15,8.375,23.9,3.5,98.75,832.24,95.42,23.920265780730897,15,0,2,18,0,18,282.51612903225805,13.262284911643496,1852.4590163934427,43.62793233848172,12,4,6,2.519113405189536,2.70805020110221,0.9875,3.2626493914143966,-1.1570530183952514,3.0365892019618683,1.51,2.188295946591918,8.332308352219117,2,15,eglin,Eglin Air Force Base
tyndall d2,Uninvaded,2018-06-25,2014,-85.51935,30.023204,Tyndall AFB,5,3,380,54.285714285714285,1.043956043956044,0.319298245614035,2018,42,10.5,29,0.6904761904761905,29,0.6904761904761905,2,0.047619047619047616,28.52,95.5,111,18.25,19.5,7.416666666666667,97.5,1423.1200000000001,85.80000000000001,68.46254927726675,0,0,0,1,0,1,287.3225806451613,14.003297034276487,1903.1693989071039,42.56746286712105,74,4,42,0.7148871671963513,1.0986122886681098,0.975,2.971071711732038,0.775109408231173,1.7987770418867024,10.51,3.3506055955460954,5.940171252720432,11,3,tyndall,Tyndall Air Force Base
tyndall b4,Uninvaded,2018-06-27,2017,-85.452983,30.01769,Tyndall AFB,8,1.875,396,56.57142857142857,1.0879120879120878,0.49023569023569025,2018,0,0,0,0,0,0,0,0,468.2,88.25,73,73.625,31.083333333333332,2.3333333333333335,48.75,182.84,48.1,100,3,0,0,3,0,3,285.93548387096774,13.88442282491381,1894.863387978142,42.563772671950346,80,4,0,0.7361645656436361,0.6286086594223741,0.4875,-0.04750893401338364,13.81550955804604,-0.07603661306012723,0.01,6.148895555056811,5.981414211254481,0,2,tyndall,Tyndall Air Force Base
tyndall b1,Invaded,2018-06-25,2017,-85.47658,29.998418,Tyndall AFB,7,2.142857142857143,394,56.285714285714285,1.0824175824175823,0.4311336717428088,2018,1,0.25,0,0,0,0,0,0,294.24,39.166666666666664,0,45.125,27.083333333333332,1.5,46.25,512.8000000000001,43.68,100,3,0,0,5,0,5,287.06451612903226,13.879448384000906,1901.2021857923498,42.49665274264389,57,4,1,0.7335295180056309,0.7621400520468967,0.4625,-0.14274187388002058,13.81550955804604,-0.2541593804131371,0.26,5.684395760856011,5.976350909297934,1,3,tyndall,Tyndall Air Force Base
tyndall b2,Uninvaded,2018-06-25,2017,-85.476082,30.000315,Tyndall AFB,6,2.5,394,56.285714285714285,1.0824175824175823,0.36954314720812187,2018,3,0.75,1,0.3333333333333333,1,0.3333333333333333,1,0.3333333333333333,631.6,51.25,1,52,33.5,2,30,149.56,58.5,100,8,0,0,8,0,8,287.06451612903226,13.879448384000906,1901.2021857923498,42.49665274264389,57,4,3,0.7335295180056309,0.9162907318741551,0.3,-0.8001193001121131,13.81550955804604,0.34333332700115804,0.76,6.448256282381487,5.976350909297934,1,3,tyndall,Tyndall Air Force Base
tyndall c1,Uninvaded,2018-06-26,2016,-85.517982,30.022271,Tyndall AFB,5,3,381,54.42857142857143,1.0467032967032968,0.3184601924759405,2018,73,18.25,47,0.6438356164383562,48,0.6575342465753424,21,0.2876712328767123,805.52,117.41666666666667,337,59.625,11.6,2.8333333333333335,90,1125.16,51.22,100,2,0,0,2,3,5,287.3225806451613,14.004162035593568,1902.950819672131,42.55902955208296,74,4,73,0.7162303507428189,1.0986122886681098,0.9,1.9924301646902063,13.81550955804604,0.04880968798360495,18.26,6.691488031607359,5.942799375126701,19,3,tyndall,Tyndall Air Force Base
tyndall c2,Uninvaded,2018-06-26,2016,-85.519121,30.025209,Tyndall AFB,5,3,381,54.42857142857143,1.0467032967032968,0.3184601924759405,2018,48,12,33,0.6875,33,0.6875,9,0.1875,1262.84,106.08333333333333,245,50.625,29.285714285714285,2.2083333333333335,65,894.04,39.78,100,3,0,0,3,44,47,287.3225806451613,14.004162035593568,1902.950819672131,42.55902955208296,74,4,48,0.7162303507428189,1.0986122886681098,0.65,0.5862314546353128,13.81550955804604,-0.4146402496277618,12.01,7.141118431823606,5.942799375126701,12,3,tyndall,Tyndall Air Force Base
tyndall b3,Uninvaded,2018-06-27,2017,-85.458016,30.015622,Tyndall AFB,8,1.875,396,56.57142857142857,1.0879120879120878,0.49023569023569025,2018,5,1.25,1,0.2,1,0.2,1,0.2,325,70.91666666666667,23,60,58.25,1.9166666666666667,52.5,373.2,37.18,100,0,0,0,0,8,8,285.93548387096774,13.88442282491381,1894.863387978142,42.563772671950346,80,4,5,0.7361645656436361,0.6286086594223741,0.525,0.09507154479543695,13.81550955804604,-0.5245025118172025,1.26,5.783825182329737,5.981414211254481,2,2,tyndall,Tyndall Air Force Base
jackson d1,Uninvaded,2018-07-09,2010,-80.75314,34.075136,Fort Jackson,2,7.5,3168,452.57142857142856,8.703296703296703,0.01531986531986532,2018,3,0.75,0,0,1,0.3333333333333333,0,0,14.08,15.714285714285714,10,8.75,20.5,5.916666666666667,98.75,544.84,95.68,24.903776136481852,1,0,0,1,0,1,294.61290322580646,13.384755112369431,1533.7704918032787,51.914576416880145,42,4,3,2.27246569408711,2.0149030205422647,0.9875,3.2626493914143966,-1.103748148192624,3.097753887946305,0.76,2.644755350729896,8.060855752934316,1,8,jackson,Fort Jackson Army Base
jackson c1,Uninvaded,2018-07-09,2017,-80.759342,34.078634,Fort Jackson,3,5,402,57.42857142857143,1.1043956043956045,0.18109452736318407,2018,0,0,0,0,0,0,0,0,33.08,27.875,3,11,0,4.333333333333333,82.5,931,27.82,100,0,0,0,0,0,0,294.61290322580646,13.384755112369431,1533.7704918032787,51.914576416880145,39,4,0,0.7440283021038506,1.6094379124341003,0.825,1.441908373108465,13.81550955804604,-0.9534078127193456,0.01,3.4989288701554906,5.996452088619021,0,5,jackson,Fort Jackson Army Base
jackson g1,Uninvaded,2018-07-10,2014,-80.783554,34.076397,Fort Jackson,4,3.75,1510,215.71428571428572,4.148351648351649,0.06428256070640176,2018,1,0.25,1,1,1,1,0,0,171,25,9,30,12.75,4.416666666666667,87.5,740.68,97.76,34.23183711244794,3,0,0,3,0,3,295.6774193548387,13.255041660319108,1543.8251366120219,51.96185206002399,37,4,1,1.638676595161627,1.3217558399823195,0.875,1.784486709898975,-0.6529783530200788,3.7760396295563377,0.26,5.14166355650266,7.31986492980897,1,4,jackson,Fort Jackson Army Base
jackson f1,Uninvaded,2018-07-10,2016,-80.765852,34.079753,Fort Jackson,1,15,874,124.85714285714286,2.401098901098901,0.02776506483600305,2018,0,0,0,0,0,0,0,0,74.84,45.77777777777778,29,14,8.666666666666666,3.75,85,947.88,47.839999999999996,100,2,0,0,2,8,10,295.16129032258067,13.34768703936249,1542.1857923497269,51.92740980767522,39,4,0,1.2240985856078008,2.70805020110221,0.85,1.6034498705894777,13.81550955804604,-0.08645380797602142,0.01,4.315352501405889,6.773080375655535,0,15,jackson,Fort Jackson Army Base
jackson e1,Uninvaded,2018-07-10,2007,-80.760441,34.081586,Fort Jackson,1,15,4192,598.8571428571429,11.516483516483516,0.005788804071246819,2018,0,0,0,0,0,0,0,0,26.44,23.375,21,8.75,28.363636363636363,5.25,89.5,469.92,22.88,80.16418903927224,0,0,0,0,0,0,294,13.29202495509207,1524.5901639344263,51.774671122227964,12,4,0,2.527046456930332,2.70805020110221,0.895,1.9481978252031467,1.396584162031245,-1.215099483790693,0.01,3.2748780149834857,8.340933226000878,0,15,jackson,Fort Jackson Army Base
jackson i1,Uninvaded,2018-07-11,2017,-80.774299,34.011561,Fort Jackson,3,5,475,67.85714285714286,1.304945054945055,0.15326315789473685,2018,0,0,0,0,0,0,0,0,35.64,25.571428571428573,8,27.875,40.75,3.9166666666666665,71.25,580.72,55.64,100,0,0,0,0,0,0,293.03225806451616,13.337809245008334,1532.0218579234972,51.44293849727541,12,4,0,0.8350568388304656,1.6094379124341003,0.7125,0.856242463850102,13.81550955804604,0.22656420457307583,0.01,3.573468602602609,6.163314804034641,0,5,jackson,Fort Jackson Army Base
jackson j1,Uninvaded,2018-07-11,2015,-80.764428,34.009336,Fort Jackson,2,7.5,1282,183.14285714285714,3.521978021978022,0.03785751430057202,2018,0,0,0,0,0,0,0,0,140.76,41.416666666666664,5,29.75,16.1,2.8333333333333335,93.75,530.24,43.42,98.04455445544555,0,0,0,0,8,8,293.64516129032256,13.460170140508096,1536.1748633879781,51.47686263303943,52,4,0,1.5089495136002744,2.0149030205422647,0.9375,2.384335743012737,3.914753827065663,-0.2647354014232752,0.01,4.947056312453384,7.156176637480615,0,8,jackson,Fort Jackson Army Base
jackson a1,Uninvaded,2018-07-09,2010,-80.749623,34.077337,Fort Jackson,1,15,3038,434,8.346153846153847,0.007987711213517665,2018,1,0.25,0,0,0,0,0,0,55.4,35.166666666666664,0,50.166666666666664,23.2,8.5,85,1429.32,42.64,90.6298600311042,0,0,0,0,0,0,293.38709677419354,13.392186349701197,1526.9945355191257,51.81658406504634,42,4,1,2.2349649053190666,2.70805020110221,0.85,1.6034498705894777,2.269246136772237,-0.29655441643377584,0.26,4.014579593753238,8.018954683155718,1,15,jackson,Fort Jackson Army Base
jackson b1,Uninvaded,2018-07-09,2015,-80.75528,34.073796,Fort Jackson,4,3.75,1168,166.85714285714286,3.208791208791209,0.08310502283105023,2018,1,0.25,1,1,1,1,0,0,10.24,27,0,9.5,55.875,6.333333333333333,93.75,776.4,30.16,100,1,0,0,1,0,1,294.61290322580646,13.384755112369431,1533.7704918032787,51.914576416880145,42,4,1,1.437175482663796,1.3217558399823195,0.9375,2.384335743012737,13.81550955804604,-0.8396903683915915,0.26,2.3263016196113617,7.0630481633881725,1,4,jackson,Fort Jackson Army Base
jackson h1,Uninvaded,2018-07-12,2009,-80.771614,34.007664,Fort Jackson,2,7.5,3416,488,9.384615384615385,0.014207650273224043,2018,0,0,0,0,0,0,0,0,234.56,84.58333333333333,174,66.25,23.181818181818183,5.5,93.75,1121.64,66.3,85.07661558960693,4,0,0,4,0,4,293.03225806451616,13.343919835811827,1532.24043715847,51.45352680271462,39,4,0,2.340325420976893,2.0149030205422647,0.9375,2.384335743012737,1.7406172787064713,0.6766920598335004,0.01,5.4577114186982865,8.13622555490846,0,8,jackson,Fort Jackson Army Base
jackson m1,Uninvaded,2018-07-13,2018,-80.778834,34.091439,Fort Jackson,2,7.5,161,23,0.4423076923076923,0.30144927536231886,2018,1,0.25,1,1,1,1,0,0,42.64,24.5,10,26.125,34.6,5.958333333333333,82.5,1242.0800000000002,69.16,90.16830870279146,0,0,0,0,0,0,295.5483870967742,13.141571857227547,1535.9562841530055,51.92398913378874,12,4,1,0.3662443949548831,2.0149030205422647,0.825,1.441908373108465,2.2160579844449777,0.807610112119961,0.26,3.752792779857589,5.081404364984463,1,8,jackson,Fort Jackson Army Base
jackson k1,Uninvaded,2018-07-11,2018,-80.763432,34.014072,Fort Jackson,3,5,160,22.857142857142858,0.43956043956043955,0.455,2018,0,0,0,0,0,0,0,0,17.080000000000002,29.6,0,6.75,17.833333333333332,2.5833333333333335,68.75,280.36,92.82000000000001,75.53573640530162,0,0,0,0,12,12,293.16129032258067,13.40117598749893,1526.3387978142077,51.46911285127186,42,4,0,0.36433781668430154,1.6094379124341003,0.6875,0.7451683653108238,1.1273896864966728,2.5593627507528973,0.01,2.837908188360424,5.075173815233827,0,5,jackson,Fort Jackson Army Base
jackson l1,Uninvaded,2018-07-13,2009,-80.781399,34.090976,Fort Jackson,1,15,3401,485.85714285714283,9.343406593406593,0.007135156326570617,2018,1,0.25,1,1,1,1,1,1,92.36,23.285714285714285,13,37.5,27.583333333333332,5.25,100,1167.68,40.300000000000004,95.67115314659877,0,0,0,0,0,0,295.5483870967742,13.141571857227547,1535.9562841530055,51.92398913378874,42,4,1,2.3363492725972534,2.70805020110221,0.999999,3.6635616461296454,3.095593576689259,-0.392980551445919,0.26,4.525693984486295,8.131824785007195,1,15,jackson,Fort Jackson Army Base
benning b1,Uninvaded,2018-07-24,2016,-84.900369,32.390499,Fort Benning,3,5,810,115.71428571428571,2.2252747252747254,0.08987654320987655,2018,0,0,0,0,0,0,0,0,130.6,71.75,1,37.5,23.833333333333332,2.5,93.75,726.56,87.1,85.0609756097561,11,0,0,11,0,11,291.96774193548384,13.502197583519294,1607.8688524590164,48.155092641964025,39,4,0,1.1710181327513012,1.6094379124341003,0.9375,2.384335743012737,1.7393859654711041,1.9098295724908305,0.01,4.8721392168423305,6.697034247666484,0,5,benning,Fort Benning
benning a1,Uninvaded,2018-07-24,2014,-84.894867,32.389017,Fort Benning,3,5,1587,226.71428571428572,4.35989010989011,0.045872715816005036,2018,12,3,2,0.16666666666666666,2,0.16666666666666666,0,0,327.36,130,187,71.25,20.5,4.333333333333333,97,462.08000000000004,65.78,47.11282918579367,1,0,0,2,0,2,291.48387096774195,13.477648615407931,1604.9180327868853,48.12135555654238,27,4,12,1.6789434729863706,1.6094379124341003,0.97,2.8730893167474147,-0.11561521421869445,0.6535055722968637,3.01,5.791060482763262,7.369600720526409,3,5,benning,Fort Benning
benning c1,Uninvaded,2018-07-25,2018,-84.815476,32.345412,Fort Benning,6,2.5,131,18.714285714285715,0.3598901098901099,1.1114503816793895,2018,1,0.25,0,0,0,0,0,0,918.48,83.08333333333333,61,66,106.5,1.75,46.25,132.92,74.62,100,0,0,0,0,0,0,289.03225806451616,14.013909461760607,1605.464480874317,47.807741093495856,42,4,1,0.30740389493194964,0.9162907318741551,0.4625,-0.14274187388002058,13.81550955804604,1.0784471055067706,0.26,6.822720129785557,4.875197323201151,1,3,benning,Fort Benning
benning d1,Uninvaded,2018-07-25,2017,-84.774863,32.361567,Fort Benning,8,1.875,132,18.857142857142858,0.3626373626373626,1.4707070707070706,2018,1,0.25,1,1,1,1,1,1,381.68,63.9,79,67.125,55.916666666666664,3.5,40,240.84,30.68,100,3,0,0,3,0,3,290.03225806451616,13.893333081739662,1609.1803278688524,47.82238692761374,82,4,1,0.3094220590881868,0.6286086594223741,0.4,-0.3846743384390906,13.81550955804604,-0.8151224883483499,0.26,5.944582561207851,4.882801922586371,1,2,benning,Fort Benning
benning e1,Uninvaded,2018-07-26,2015,-84.818986,32.327739,Fort Benning,3,5,1175,167.85714285714286,3.228021978021978,0.06195744680851064,2018,3,0.75,0,0,1,0.3333333333333333,0,0,75.36,32.44444444444444,11,31,35.5,3.1666666666666665,97.5,563.6,88.66,72.44982412580178,0,0,0,0,0,0,288.51612903225805,14.090622055382498,1602.4043715846994,47.73829531733473,43,4,3,1.4417342662021386,1.6094379124341003,0.975,2.971071711732038,0.966883072367429,2.056472531017301,0.76,4.3222766302681075,7.069023426578259,1,5,benning,Fort Benning
benning f1,Uninvaded,2018-07-26,2016,-84.821965,32.333689,Fort Benning,4,3.75,789,112.71428571428571,2.1675824175824174,0.12302492606675117,2018,0,0,0,0,0,0,0,0,78.92,33.375,19,22.125,38.166666666666664,3.4166666666666665,98.75,732.1600000000001,82.68,89.80037177725693,1,0,0,1,9,10,288.83870967741933,14.002660591706798,1603.3879781420765,47.75075287000049,43,4,0,1.1529686526323184,1.3217558399823195,0.9875,3.2626493914143966,2.175229153815124,1.563115831679279,0.01,4.368434681154414,6.670766320845874,0,4,benning,Fort Benning
benning i1,Uninvaded,2018-07-27,2017,-84.67736,32.399427,Fort Benning,7,2.142857142857143,487,69.57142857142857,1.3379120879120878,0.34880219028062975,2018,7,1.75,1,0.14285714285714285,1,0.14285714285714285,0,0,118.67999999999999,33.75,8,27.75,24.5,3.5,87.5,293.88,89.18,0,0,0,0,0,0,0,290.5483870967742,13.858500656462958,1597.5956284153006,47.59813797043343,43,4,7,0.8492582609366335,0.7621400520468967,0.875,1.784486709898975,-13.815509557990529,2.1092605257809955,1.76,4.776430795422621,6.18826412308259,2,3,benning,Fort Benning
benning j1,Uninvaded,2018-07-27,2018,-84.679634,32.392144,Fort Benning,10,1.5,159,22.714285714285715,0.4368131868131868,1.5262054507337526,2018,0,0,0,0,0,0,0,0,238.64,71.16666666666667,77,55.25,57.666666666666664,1.6666666666666667,22.5,159.76,49.14,100,3,0,0,3,6,9,290.5483870967742,13.858500656462958,1597.5956284153006,47.59813797043343,39,4,0,0.36242759642818223,0.4054651081081644,0.225,-1.159544839663267,13.81550955804604,-0.03440339290094045,0.01,5.474956140206493,5.0689042022202315,0,2,benning,Fort Benning
benning g1,Uninvaded,2018-07-28,2015,-84.700343,32.377208,Fort Benning,5,3,1156,165.14285714285714,3.1758241758241756,0.104959630911188,2018,2,0.5,0,0,0,0,0,0,93.44,29.77777777777778,3,27,57.75,2.5833333333333335,86.25,498.028,46.54,76.41039097349777,0,0,0,0,0,0,290.06451612903226,13.909302232335902,1595.51912568306,47.61702194538518,27,4,2,1.4293117462035814,1.0986122886681098,0.8625,1.6911474414954921,1.1753094444151353,-0.13862155283662722,0.51,4.537319519079917,7.052721049232323,1,3,benning,Fort Benning
benning h1,Uninvaded,2018-07-28,2017,-84.672603,32.366872,Fort Benning,6,2.5,493,70.42857142857143,1.3543956043956045,0.2953346855983773,2018,0,0,0,0,0,0,0,0,93.8,25.416666666666668,35,44.75,47.166666666666664,2.9166666666666665,73.75,478.32,47.58,100,4,0,0,4,0,4,288.7741935483871,13.996257048175535,1578.5792349726776,47.35173530693013,12,4,0,0.8562840509610392,0.9162907318741551,0.7375,0.9725375686227199,13.81550955804604,-0.09687569302044871,0.01,4.541164856012179,6.20050917404269,0,3,benning,Fort Benning
shelby a1,Invaded,2018-08-11,2017,-88.937473,30.968064,Camp Shelby,5,3,284,40.57142857142857,0.7802197802197802,0.42723004694835676,2018,0,0,0,0,0,0,0,0,179.04,27.571428571428573,10,47.125,53.666666666666664,1.8333333333333333,40,85.16,83.98,100,19,0,0,19,0,19,279.6774193548387,13.971621875061329,1731.4754098360656,44.78422082543893,45,4,0,0.576736828715534,1.0986122886681098,0.4,-0.3846743384390906,13.81550955804604,1.656740733615834,0.01,5.187609244563615,5.648974238161206,0,3,shelby,Camp Shelby Joint Forces Training Center
shelby a2,Uninvaded,2018-08-12,2017,-88.931824,30.967114,Camp Shelby,5,3,285,40.714285714285715,0.782967032967033,0.42573099415204674,2018,0,0,0,0,0,0,0,0,35.64,39,25,20.375,36.5,2.75,65,430.08,91.78,98.64459980025681,13,0,0,13,0,13,279.19354838709677,13.947487030327293,1728.0874316939892,44.6687674961361,45,4,0,0.5782788490673493,1.0986122886681098,0.65,0.5862314546353128,4.287353966249402,2.4128241998985995,0.01,3.573468602602609,5.652489180268651,0,3,shelby,Camp Shelby Joint Forces Training Center
shelby b2,Uninvaded,2018-08-15,2017,-89.048217,31.11502,Camp Shelby,4,3.75,653,93.28571428571429,1.793956043956044,0.14864726901480346,2018,0,0,0,0,0,0,0,0,492.36,62.666666666666664,12,67.375,50.666666666666664,2.9166666666666665,40,330.64,58.24,99.07235621521335,1,0,0,1,0,1,279.3225806451613,13.84539751417155,1694.0983606557377,45.17115052988938,45,4,0,1.0274585284118194,1.3217558399823195,0.4,-0.3846743384390906,4.6708511414853024,0.3326334603140474,0.01,6.199210156242095,6.481577129276431,0,4,shelby,Camp Shelby Joint Forces Training Center
shelby b3,Invaded,2018-08-15,2017,-89.048707,31.114496,Camp Shelby,4,3.75,653,93.28571428571429,1.793956043956044,0.14864726901480346,2018,1,0.25,0,0,0,0,0,0,312.68,88.6,10,74.875,62.25,3,35,137.07999999999998,16.12,100,0,0,0,0,0,0,279.3225806451613,13.84539751417155,1694.0983606557377,45.17115052988938,45,4,1,1.0274585284118194,1.3217558399823195,0.35,-0.5862314546353127,13.81550955804604,-1.649326468955237,0.26,5.74518030335213,6.481577129276431,1,4,shelby,Camp Shelby Joint Forces Training Center
shelby c1,Uninvaded,2018-08-11,2016,-88.865599,30.948842,Camp Shelby,4,3.75,649,92.71428571428571,1.7829670329670328,0.14956343091936314,2018,1,0.25,0,0,0,0,0,0,204.72,68.16666666666667,55,58.875,37.583333333333336,3.5,91.25,522.88,58.239999999999995,97.93447293447292,6,0,0,6,0,6,279.83870967741933,14.040999150373903,1735.191256830601,44.77966227297531,45,4,1,1.0235176366119427,1.3217558399823195,0.9125,2.110038022979057,3.858865788488606,0.33263346031404695,0.26,5.321643191851534,6.47543271670409,1,4,shelby,Camp Shelby Joint Forces Training Center
shelby e1,Uninvaded,2018-08-12,2015,-88.912687,30.985987,Camp Shelby,5,3,1016,145.14285714285714,2.791208791208791,0.1194225721784777,2018,0,0,0,0,0,0,0,0,106.28,61.9,35,53.375,38.333333333333336,6.166666666666667,81.25,681.76,74.88,100,20,0,0,20,7,27,279.06451612903226,13.854663621260901,1719.344262295082,44.55556136591463,45,4,0,1.3326849105145098,1.0986122886681098,0.8125,1.366876275262789,13.81550955804604,1.092222490569338,0.01,4.666077120891613,6.923628628138427,0,3,shelby,Camp Shelby Joint Forces Training Center
shelby h1,Uninvaded,2018-08-13,2014,-88.958222,31.073167,Camp Shelby,2,7.5,1382,197.42857142857142,3.7967032967032965,0.035118186203569705,2018,3,0.75,1,0.3333333333333333,1,0.3333333333333333,0,0,409.08,143.2,145,54.125,43.4,5.666666666666667,86.25,764.1999999999999,89.7,59.71638655462185,2,0,0,2,0,2,279.8709677419355,13.718543336193509,1708.9617486338798,45.08520533039459,45,4,3,1.5679288687628068,2.0149030205422647,0.8625,1.6911474414954921,0.3936608845666201,2.1643268738291606,0.76,6.013910735937812,7.231287004327616,1,8,shelby,Camp Shelby Joint Forces Training Center
shelby i1,Uninvaded,2018-08-13,2012,-88.954874,31.071573,Camp Shelby,2,7.5,2112,301.7142857142857,5.802197802197802,0.02297979797979798,2018,0,0,0,0,0,0,0,0,249.11999999999998,77,92,58.75,42.083333333333336,5.5,95,969.8399999999999,75.4,99.29407018959257,0,0,0,0,0,0,279.8709677419355,13.718543336193509,1708.9617486338798,45.08520533039459,45,4,0,1.917245766167746,2.0149030205422647,0.95,2.548906232620961,4.946184677986063,1.1200608320755931,0.01,5.517934708085688,7.655390644826152,0,8,shelby,Camp Shelby Joint Forces Training Center
shelby j1,Uninvaded,2018-08-14,2012,-89.231414,31.208952,Camp Shelby,1,15,2113,301.85714285714283,5.804945054945055,0.011484461271493926,2018,5,1.25,2,0.4,2,0.4,0,0,1009.36,134.08333333333334,210,82.75,35.666666666666664,4.25,95,702.08,65,89.53556731334508,2,0,0,2,0,2,281.4516129032258,13.714134132603744,1691.5846994535518,45.786885368408505,45,4,5,1.9176495618526188,2.70805020110221,0.95,2.548906232620961,2.1466453633260496,0.6190392084062236,1.26,6.917071745619486,7.655864017616056,2,15,shelby,Camp Shelby Joint Forces Training Center
shelby k1,Uninvaded,2018-08-14,2015,-89.209579,31.213312,Camp Shelby,1,15,1018,145.42857142857142,2.7967032967032965,0.02383759004584152,2018,1,0.25,0,0,0,0,0,0,518.08,98.72727272727273,41,67.375,84,1.5,15,143.68,30.68,85.7334226389819,7,0,0,7,0,7,281.3225806451613,13.735319320538625,1692.0218579234972,45.87356461330535,45,4,1,1.3341331366908744,2.70805020110221,0.15,-1.6034498705894775,1.7933173482330151,-0.8151224883483499,0.26,6.250129670489271,6.925595197110468,1,15,shelby,Camp Shelby Joint Forces Training Center
gordon a1,Uninvaded,2018-08-20,2016,-82.185351,33.355677,Fort Gordon,5,3,838,119.71428571428571,2.302197802197802,0.14478918058870327,2018,0,0,0,0,0,0,0,0,337.47999999999996,71.4,3,57,55.916666666666664,3.0833333333333335,60,208.2,44.980000000000004,100,1,0,0,1,0,1,292.19354838709677,13.811765903980247,1565.5737704918033,48.86706590073375,27,4,0,1.1945882474584122,1.0986122886681098,0.6,0.38467433843909055,13.81550955804604,-0.20147880896525883,0.01,5.821506249297426,6.731018100482083,0,3,gordon,Fort Gordon Army Base
gordon b1,Uninvaded,2018-08-20,2017,-82.176099,33.357005,Fort Gordon,6,2.5,447,63.857142857142854,1.2280219780219779,0.32572706935123047,2018,0,0,0,0,0,0,0,0,183.76,29.5,6,23.125,67.41666666666667,3.4166666666666665,46.25,153.52,29.12,100,2,0,0,2,0,2,291.8709677419355,13.82231058201995,1568.5245901639344,48.779057501146056,12,4,0,0.8011141864786722,0.9162907318741551,0.4625,-0.14274187388002058,13.81550955804604,-0.8895630829683402,0.01,5.213630558380843,6.102558594613569,0,3,gordon,Fort Gordon Army Base
gordon c1,Uninvaded,2018-08-20,2014,-82.212831,33.35564,Fort Gordon,4,3.75,1539,219.85714285714286,4.228021978021978,0.06307125839289582,2018,0,0,0,0,0,0,0,0,171.04,68.8,17,26.5,20.666666666666668,3.0833333333333335,92.5,677.04,56.68,100,0,0,0,0,0,0,291.8709677419355,13.6808940988907,1556.9398907103825,48.96994520202294,27,4,0,1.6540329996594088,1.3217558399823195,0.925,2.2396038003050815,13.81550955804604,0.26880699268968977,0.01,5.141897447276735,7.338888133838879,0,4,gordon,Fort Gordon Army Base
gordon d1,Uninvaded,2018-08-21,2013,-82.187065,33.343386,Fort Gordon,3,5,1884,269.14285714285717,5.175824175824176,0.038641188959660296,2018,23,5.75,3,0.13043478260869565,3,0.13043478260869565,2,0.08695652173913043,58.480000000000004,44,15,10.375,23.5,4.166666666666667,100,606.12,91.52,3.435114503816794,0,0,0,0,0,0,291.3225806451613,13.785976519076748,1561.967213114754,48.949666924043875,12,4,23,1.820642343376841,1.6094379124341003,0.999999,3.6635616461296454,-3.3361368362203474,2.3788470778276762,5.76,4.068684815441523,7.5411524551363085,6,5,gordon,Fort Gordon Army Base
gordon e1,Uninvaded,2018-08-21,2009,-82.187841,33.342135,Fort Gordon,3,5,3381,483,9.288461538461538,0.02153209109730849,2018,24,6,10,0.4166666666666667,12,0.5,0,0,16.84,24.428571428571427,20,10.5,15.75,7.416666666666667,96.25,641.92,91.25999999999999,27.22862994502533,2,0,0,3,0,3,291.3225806451613,13.785976519076748,1561.967213114754,48.949666924043875,43,4,24,2.331023028314579,1.6094379124341003,0.9625,2.740507411249593,-0.9830513196945182,2.3458023858318104,6.01,2.8237570088141806,8.125926802707886,6,5,gordon,Fort Gordon Army Base
gordon f1,Uninvaded,2018-08-21,2015,-82.195633,33.34406,Fort Gordon,5,3,1253,179,3.4423076923076925,0.09683426443202979,2018,3,0.75,0,0,1,0.3333333333333333,0,0,77.28,5.833333333333333,5,32.75,52.666666666666664,3.25,83.75,333.64,18.98,98.4290843806104,0,0,0,0,0,0,291.3225806451613,13.785976519076748,1561.967213114754,48.949666924043875,12,4,3,1.4911739919403662,1.0986122886681098,0.8375,1.5205876585431746,4.137615047645726,-1.4513102445927628,0.76,4.347435189904263,7.133295954896068,1,3,gordon,Fort Gordon Army Base
gordon g1,Uninvaded,2018-08-22,2016,-82.284032,33.364516,Fort Gordon,4,3.75,916,130.85714285714286,2.5164835164835164,0.1059679767103348,2018,12,3,7,0.5833333333333334,7,0.5833333333333334,4,0.3333333333333333,123.56,79.83333333333333,10,33.25,35.583333333333336,2.6666666666666665,97.5,641.76,89.18,72.84092778417504,0,0,0,0,0,0,294.06451612903226,13.539096618385424,1550.0546448087432,49.04603909034875,43,4,12,1.2574614892769223,1.3217558399823195,0.975,2.971071711732038,0.9865645407532774,2.1092605257809955,3.01,4.816726868050381,6.82001636467413,3,4,gordon,Fort Gordon Army Base
gordon h1,Uninvaded,2018-08-22,2018,-82.2853,33.364136,Fort Gordon,4,3.75,159,22.714285714285715,0.4368131868131868,0.610482180293501,2018,9,2.25,5,0.5555555555555556,5,0.5555555555555556,2,0.2222222222222222,112.92,49.833333333333336,5,40,15.3,2.1666666666666665,85,412.91999999999996,88.4,81.99646359106254,0,0,0,0,0,0,294.06451612903226,13.539096618385424,1550.0546448087432,49.04603909034875,43,4,9,0.36242759642818223,1.3217558399823195,0.85,1.6034498705894777,1.5161035787403052,2.0308668715312788,2.26,4.726679603385288,5.0689042022202315,3,4,gordon,Fort Gordon Army Base
